Entity,Code,Year,"GDP per capita, PPP (constant 2017 international $)",labor_productivity_per_hour_PennWorldTable_3.Productivity: output per hour worke,country-level-government-spending-vs-income (2).Government Expenditure (IMF base
Argentina,ARG,1990,14144.76367,9.34559,11.691373
Argentina,ARG,1991,15221.79199,10.72936,12.318349
Argentina,ARG,1992,16209.32617,12.5184765,13.69316
Argentina,ARG,1993,17312.03516,14.229115,14.39733
Argentina,ARG,1994,18092.02148,16.264364,15.41488
Argentina,ARG,1995,17362.52148,19.057482,16.0295
Argentina,ARG,1996,18104.69727,23.936634,15.63246
Argentina,ARG,1997,19347.53711,23.406992,27.54089
Argentina,ARG,1998,19866.24414,22.246105,28.48897
Argentina,ARG,1999,18981.16797,20.943682,31.87244
Argentina,ARG,2000,18625.2832,20.869158,32.26813
Argentina,ARG,2001,17610.75586,20.300793,34.40069
Argentina,ARG,2002,15523.03906,18.544622,55.7023
Argentina,ARG,2003,16714.66992,19.140049,38.04403
Argentina,ARG,2004,18032.61133,19.305756,40.17721
Argentina,ARG,2005,19426.43945,19.672619,37.19302
Argentina,ARG,2006,20777.65234,20.713331,35.85573
Argentina,ARG,2007,22424.11719,21.948978,38.14186
Argentina,ARG,2008,23103.45703,23.103422,37.77452
Argentina,ARG,2009,21519.89453,22.24469,41.74966
Argentina,ARG,2010,23521.26953,24.664722,42.00562
Argentina,ARG,2011,24647.62891,27.121876,43.26559
Australia,AUS,1990,31016.41602,34.717422,40.3990529
Australia,AUS,1991,30502.60547,35.753605,42.16800593
Australia,AUS,1992,30259.41797,37.43999,41.70493175
Australia,AUS,1993,31173.47461,38.279926,41.90938027
Australia,AUS,1994,32073.02734,38.63741,41.91699031
Australia,AUS,1995,32902.76953,39.189438,40.8874751
Australia,AUS,1996,33724.97266,41.00176,39.38242169
Australia,AUS,1997,34653.19141,42.7722,37.52386124
Australia,AUS,1998,35876.22266,43.82873,37.34401246
Australia,AUS,1999,37219.64063,45.23416,36.65006639
Australia,AUS,2000,38217.44922,45.415455,37.64208263
Australia,AUS,2001,38474.15234,47.16524,36.95777722
Australia,AUS,2002,39533.22266,47.55953,36.19652507
Australia,AUS,2003,40262.91406,48.647198,36.27667557
Australia,AUS,2004,41472.53906,49.612198,36.18753726
Australia,AUS,2005,42222.27344,51.532955,35.31631168
Australia,AUS,2006,42738.46484,51.622116,35.03793491
Australia,AUS,2007,44072.88281,51.45444,34.86655986
Australia,AUS,2008,44743.66016,52.85944,37.35211789
Australia,AUS,2009,44649.16016,53.129284,38.57650805
Australia,AUS,2010,44914.98047,56.738533,38.40038
Australia,AUS,2011,45389.17188,58.76907,36.743112
Austria,AUT,1990,37494.55859,31.620522,54.92958
Austria,AUT,1991,38399.67578,32.5917,56.21576
Austria,AUT,1992,38774.49219,34.509747,57.11526
Austria,AUT,1993,38658.64844,35.524967,60.31203
Austria,AUT,1994,39435.21094,37.20332,59.79424
Austria,AUT,1995,40425.39453,39.36852,60.39174
Austria,AUT,1996,41319.375,39.323376,59.87065
Austria,AUT,1997,42136.66406,40.81398,57.20946
Austria,AUT,1998,43597.89063,42.53225,57.41596
Austria,AUT,1999,45060.61719,43.386806,56.91652
Austria,AUT,2000,46469.85938,45.390182,55.54919
Austria,AUT,2001,46878.91797,44.377754,54.80785
Austria,AUT,2002,47419.27734,45.44068,54.00186
Austria,AUT,2003,47633.11328,46.49087,54.40004
Austria,AUT,2004,48633.27344,48.04215,56.71067
Austria,AUT,2005,49387.02734,52.797462,52.96992
Austria,AUT,2006,50840.69531,53.47992,52.00873
Austria,AUT,2007,52565.07422,54.648876,51.47672
Austria,AUT,2008,53166.05469,55.810387,51.99422
Austria,AUT,2009,51030.72656,54.958294,55.69787
Austria,AUT,2010,51843.42969,56.444805,55.17099
Austria,AUT,2011,53179.14844,57.740795,52.71051
Bangladesh,BGD,1990,1517.729248,2.0360405,13.1601594
Bangladesh,BGD,1991,1534.525146,2.0363715,13.03677859
Bangladesh,BGD,1992,1582.313599,2.0315714,12.902535
Bangladesh,BGD,1993,1621.326904,2.0196857,14.16165814
Bangladesh,BGD,1994,1648.734009,2.047829,14.53441822
Bangladesh,BGD,1995,1696.567871,2.0752869,15.17462224
Bangladesh,BGD,1996,1735.921997,2.0698934,14.43332291
Bangladesh,BGD,1997,1775.964111,2.005104,14.47574533
Bangladesh,BGD,1998,1829.503784,1.9297974,14.49960685
Bangladesh,BGD,1999,1876.598999,1.8166075,13.05904763
Bangladesh,BGD,2000,1937.729248,1.8243959,14.82365272
Bangladesh,BGD,2001,1998.066284,1.8358469,16.39801314
Bangladesh,BGD,2002,2037.236328,1.8910693,16.07581012
Bangladesh,BGD,2003,2097.168701,1.9046307,15.97544215
Bangladesh,BGD,2004,2171.688721,1.9024031,15.26783995
Bangladesh,BGD,2005,2279.53125,1.9349834,15.83002209
Bangladesh,BGD,2006,2399.082275,2.0549672,15.88033904
Bangladesh,BGD,2007,2537.111084,2.224288,15.32731018
Bangladesh,BGD,2008,2659.049316,2.424032,18.39041417
Bangladesh,BGD,2009,2762.18042,2.5682456,17.02778433
Bangladesh,BGD,2010,2883.466797,2.787817,16.71956462
Bangladesh,BGD,2011,3034.951172,3.2355232,17.99112519
Belgium,BEL,1990,35506.92578,40.869923,63.9857
Belgium,BEL,1991,36023.68359,42.31519,64.7183
Belgium,BEL,1992,36426.99219,44.594162,64.6525
Belgium,BEL,1993,35935.95703,46.442467,65.6678
Belgium,BEL,1994,36981.44922,47.816906,61.78788
Belgium,BEL,1995,37784.14844,48.26082,60.97062
Belgium,BEL,1996,38208.71875,48.773266,60.87253
Belgium,BEL,1997,39562.37109,50.29988,58.85165
Belgium,BEL,1998,40252.46875,49.44472,57.7108
Belgium,BEL,1999,41583.09766,51.10491,56.95496
Belgium,BEL,2000,43024.14063,52.970646,55.69435
Belgium,BEL,2001,43347.89063,52.792484,55.59895
Belgium,BEL,2002,43890.59766,53.71766,55.52733
Belgium,BEL,2003,44160.91016,55.915703,56.36905
Belgium,BEL,2004,45540.46875,57.090435,54.12447
Belgium,BEL,2005,46342.1875,63.273796,56.38897
Belgium,BEL,2006,47212.57813,60.26023,52.60511
Belgium,BEL,2007,48590.40234,61.016037,52.19044
Belgium,BEL,2008,48423.51563,65.654396,53.72979
Belgium,BEL,2009,47064.78906,64.385025,57.51933
Belgium,BEL,2010,47972.55859,69.09867,56.41521
Belgium,BEL,2011,48154.87109,67.528786,56.54201
Brazil,BRA,1996,11321.38965,15.900982,44.38955
Brazil,BRA,1997,11524.11133,15.198671,44.54918
Brazil,BRA,1998,11387.62305,14.644109,49.55166
Brazil,BRA,1999,11272.70703,13.644428,49.06897
Brazil,BRA,2000,11600.94824,13.205463,42.09633
Brazil,BRA,2001,11602.5,13.1499,42.46708
Brazil,BRA,2002,11800.84082,12.790789,47.1548
Brazil,BRA,2003,11786.33398,12.609983,47.70375
Brazil,BRA,2004,12316.37402,12.661911,44.2441
Brazil,BRA,2005,12565.94141,12.894449,46.60945
Brazil,BRA,2006,12922.15527,13.6727295,46.26872
Brazil,BRA,2007,13564.99414,15.1835165,44.40182
Brazil,BRA,2008,14114.97461,16.644289,43.11521
Brazil,BRA,2009,13962.25879,17.25405,43.95671
Brazil,BRA,2010,14873.20801,19.317396,45.73496
Brazil,BRA,2011,15323.33105,20.919428,43.33951
Bulgaria,BGR,1995,11362.64648,15.871054,59.5216
Bulgaria,BGR,1996,12015.92676,15.218238,63.4806
Bulgaria,BGR,1997,10382.85156,11.6641445,39.96394
Bulgaria,BGR,1998,10848.4209,14.167984,43.63634
Bulgaria,BGR,1999,9993.449219,14.213296,43.62626
Bulgaria,BGR,2000,10503.62012,15.97558,45.44375
Bulgaria,BGR,2001,11124.50586,16.91231,44.85054
Bulgaria,BGR,2002,12036.18359,17.264715,41.82652
Bulgaria,BGR,2003,12767.26855,17.42531,41.36289
Bulgaria,BGR,2004,13701.50098,17.387133,40.48001
Bulgaria,BGR,2005,14779.19336,19.274733,38.88213
Bulgaria,BGR,2006,15904.90234,19.62069,35.70623
Bulgaria,BGR,2007,17078.36914,20.245644,40.93576
Bulgaria,BGR,2008,18250.54102,20.501387,39.177363
Bulgaria,BGR,2009,17767.51367,21.017033,41.442878
Bulgaria,BGR,2010,18160.60742,23.100565,38.656982
Bulgaria,BGR,2011,18661.48047,23.712515,34.796476
Cambodia,KHM,1996,1214.926392,1.5068518,15.80448327
Cambodia,KHM,1997,1228.299683,1.4833804,12.5111962
Cambodia,KHM,1998,1252.3396,1.3490212,13.53152683
Cambodia,KHM,1999,1377.498657,1.3725711,13.9732639
Cambodia,KHM,2000,1481.65686,1.4149227,15.19424105
Cambodia,KHM,2001,1570.073853,1.3620656,15.27105933
Cambodia,KHM,2002,1642.608032,1.3941027,17.04734626
Cambodia,KHM,2003,1752.04126,1.4804914,15.93272798
Cambodia,KHM,2004,1902.09668,1.5548357,14.09135874
Cambodia,KHM,2005,2120.551758,1.7654465,12.54628235
Cambodia,KHM,2006,2313.343018,1.8179532,13.11980781
Cambodia,KHM,2007,2511.901123,1.9759583,14.65707842
Cambodia,KHM,2008,2640.631592,2.1253846,15.79840111
Cambodia,KHM,2009,2603.583496,1.9446102,20.22869743
Cambodia,KHM,2010,2716.699707,1.9493625,20.1822284
Cambodia,KHM,2011,2862.907959,2.0494177,19.93308126
Canada,CAN,1997,34034.45703,44.49898,52.66362
Canada,CAN,1998,34697.08984,44.221897,53.04809
Canada,CAN,1999,35782.69141,46.135338,50.3213
Canada,CAN,2000,37194.39453,48.0997,48.21312
Canada,CAN,2001,37309.64844,47.65457,48.13243
Canada,CAN,2002,38169.10547,47.368656,46.71843
Canada,CAN,2003,39268.21094,48.947586,46.20128
Canada,CAN,2004,40426.23047,49.97147,44.66891
Canada,CAN,2005,42046.87109,53.21647,43.75774
Canada,CAN,2006,43358.18359,52.629272,43.61158
Canada,CAN,2007,45888.47656,52.54481,43.306
Canada,CAN,2008,45851.62891,53.956257,43.41975
Canada,CAN,2009,44003.61719,50.187183,47.87278
Canada,CAN,2010,44861.52344,52.5742,47.52163
Canada,CAN,2011,45822.59766,54.738247,43.141494
Chile,CHL,1990,9849.648438,10.217053,24.14864
Chile,CHL,1991,10444.75098,10.965407,20.120522
Chile,CHL,1992,11421.03809,11.760703,20.60874
Chile,CHL,1993,11977.02539,12.317478,22.47655
Chile,CHL,1994,12382.88281,13.427241,22.64081
Chile,CHL,1995,13287.86719,15.035986,20.86806
Chile,CHL,1996,13990.92676,15.147533,22.84978
Chile,CHL,1997,14828.0166,15.38203,22.70722
Chile,CHL,1998,15271.47168,14.596497,23.95704
Chile,CHL,1999,15022.91504,14.155196,25.87662
Chile,CHL,2000,15638.00098,14.319135,25.0946
Chile,CHL,2001,15973.62012,14.177331,25.45786
Chile,CHL,2002,16293.18555,13.952596,25.51477
Chile,CHL,2003,16782.93945,14.278694,24.19347
Chile,CHL,2004,17807.16992,15.642367,22.625492
Chile,CHL,2005,18634.62695,17.545631,21.878383
Chile,CHL,2006,19603.69727,19.737719,20.411808
Chile,CHL,2007,20346.74023,21.209396,21.010884
Chile,CHL,2008,20840.4043,20.655039,23.340799
Chile,CHL,2009,20298.25,21.182268,26.927424
Chile,CHL,2010,21262.4668,23.995832,25.666872
Chile,CHL,2011,22337.86133,26.033329,23.388186
China,CHN,1990,1423.896362,2.189328,21.2184
China,CHN,1991,1534.705322,2.25109,19.420102
China,CHN,1992,1731.657227,2.432315,17.39002
China,CHN,1993,1949.534302,2.6291595,15.724224
China,CHN,1994,2178.924072,2.7920673,14.550388
China,CHN,1995,2391.477051,3.0420306,13.244756
China,CHN,1996,2601.363525,3.2180831,12.856743
China,CHN,1997,2812.711182,3.2628345,13.911759
China,CHN,1998,3004.427246,3.2003472,15.776116
China,CHN,1999,3206.72998,3.320289,17.449483
China,CHN,2000,3451.679199,3.524101,17.786586
China,CHN,2001,3712.338135,3.775427,18.63672
China,CHN,2002,4024.355713,4.0724883,19.441995
China,CHN,2003,4400.825195,4.3798833,19.312053
China,CHN,2004,4817.211914,4.7892036,18.610355
China,CHN,2005,5334.646484,5.240103,19.048895
China,CHN,2006,5979.781738,5.70952,19.359913
China,CHN,2007,6795.173828,6.339555,19.29201
China,CHN,2008,7412.874512,6.7905946,20.458074
China,CHN,2009,8069.354492,7.314836,23.53785
China,CHN,2010,8884.587891,8.160233,23.133888
China,CHN,2011,9680.097656,8.755135,24.4052
Colombia,COL,1990,8307.25293,12.202242,10.4
Colombia,COL,1991,8308.932617,11.571942,11.6
Colombia,COL,1992,8478.203125,12.032496,13.2
Colombia,COL,1993,8764.526367,12.007203,13.1
Colombia,COL,1994,9100.983398,12.118897,14
Colombia,COL,1995,9400.30957,12.136691,14.8
Colombia,COL,1996,9424.09668,12.026752,17.6
Colombia,COL,1997,9580.086914,12.097997,18.3
Colombia,COL,1998,9473.818359,11.842075,19.9
Colombia,COL,1999,8927.730469,11.3847885,22.6
Colombia,COL,2000,9042.663086,11.04398,30.09892
Colombia,COL,2001,9051.414063,11.027083,31.89531
Colombia,COL,2002,9137.463867,10.495688,31.529
Colombia,COL,2003,9356.209961,10.553985,31.22393
Colombia,COL,2004,9716.499023,10.728965,30.11737
Colombia,COL,2005,10049.12598,10.961963,29.18519
Colombia,COL,2006,10586.79492,11.455455,31.99686
Colombia,COL,2007,11161.51367,11.84688,32.26999
Colombia,COL,2008,11393.20215,12.6653185,29.75929
Colombia,COL,2009,11395.5625,12.9909935,32.39322
Colombia,COL,2010,11783.2998,13.992607,30.4603
Colombia,COL,2011,12480.54688,15.261172,30.24392
Costa Rica,CRI,1990,9932.629883,10.407295,28.72331
Costa Rica,CRI,1991,9895.495117,10.783928,22.76976
Costa Rica,CRI,1992,10528.34766,10.975786,21.62607
Costa Rica,CRI,1993,10988.77539,11.425903,22.91443
Costa Rica,CRI,1994,11198.02734,11.457872,19.9121
Costa Rica,CRI,1995,11378,11.751092,20.38503
Costa Rica,CRI,1996,11255.97363,11.078427,20.80265
Costa Rica,CRI,1997,11595.9375,11.226522,18.72895
Costa Rica,CRI,1998,12148.19727,11.975157,17.92111
Costa Rica,CRI,1999,12394.54785,11.688505,17.96284
Costa Rica,CRI,2000,12624.07031,11.7755375,19.84967
Costa Rica,CRI,2001,12832.57324,12.216593,21.26941
Costa Rica,CRI,2002,13054.71875,11.855461,23.17365
Costa Rica,CRI,2003,13411.84863,11.971055,22.10043
Costa Rica,CRI,2004,13802.72852,12.049881,21.79973
Costa Rica,CRI,2005,14149.51953,12.674956,21.47185
Costa Rica,CRI,2006,14976.81543,12.448823,19.84713
Costa Rica,CRI,2007,15989.33105,12.474863,18.50227
Costa Rica,CRI,2008,16527.43555,12.858949,18.79294
Costa Rica,CRI,2009,16174.27734,13.92298,20.06136
Costa Rica,CRI,2010,16830.43555,14.393219,21.78994
Costa Rica,CRI,2011,17360.20117,14.72274,20.55351
Croatia,HRV,2002,20773.8457,20.48642,46.80985575
Croatia,HRV,2003,21915.55859,21.303438,45.57950658
Croatia,HRV,2004,22818.54102,21.742834,44.2500684
Croatia,HRV,2005,23771.94531,23.412586,43.28782322
Croatia,HRV,2006,24940.02148,24.864307,43.0325805
Croatia,HRV,2007,26170.99609,26.065681,43.67179513
Croatia,HRV,2008,26670.2207,27.103188,42.00902625
Croatia,HRV,2009,24754.16016,26.007278,44.83565202
Croatia,HRV,2010,24500.06836,26.562008,45.36796548
Croatia,HRV,2011,24563.84766,28.587975,44.78755815
Cyprus,CYP,1995,28630.77734,31.736198,35.91084793
Cyprus,CYP,1996,28529.88672,31.336063,38.31796604
Cyprus,CYP,1997,28871.16797,32.127403,39.44652992
Cyprus,CYP,1998,30262.10547,31.289942,40.71620934
Cyprus,CYP,1999,31421.02344,32.990593,40.75624703
Cyprus,CYP,2000,32943.10938,37.073933,41.28103155
Cyprus,CYP,2001,33878.07422,36.84264,42.03693696
Cyprus,CYP,2002,34738.94141,35.53141,43.9707867
Cyprus,CYP,2003,35219.59375,32.61625,48.21761747
Cyprus,CYP,2004,36498.35156,32.660805,46.05551696
Cyprus,CYP,2005,37722.42188,37.081375,47.37623208
Cyprus,CYP,2006,38847.03906,37.981335,46.57668457
Cyprus,CYP,2007,39967.42969,38.346024,44.56664013
Cyprus,CYP,2008,40397.70313,39.743683,44.96473742
Cyprus,CYP,2009,38535.10547,40.4957,48.81119794
Cyprus,CYP,2010,38296.69922,41.430702,48.41576707
Cyprus,CYP,2011,37481.8125,41.143955,48.4860283
Czechia,CZE,1995,22758.59766,24.41806,54.04016233
Czechia,CZE,1996,23756.97852,25.458124,42.82928629
Czechia,CZE,1997,23659.32031,24.658945,43.65852416
Czechia,CZE,1998,23597.30664,23.894592,44.06647707
Czechia,CZE,1999,23948.38477,24.11468,43.17613167
Czechia,CZE,2000,24976.50586,24.99341,42.44570306
Czechia,CZE,2001,25833.41406,27.296064,44.87181634
Czechia,CZE,2002,26289.62695,26.66842,46.74589976
Czechia,CZE,2003,27239.55859,28.30444,51.04484308
Czechia,CZE,2004,28542.25391,28.998938,44.35857642
Czechia,CZE,2005,30384.44727,30.995367,44.09965675
Czechia,CZE,2006,32352.8125,31.548971,43.02053422
Czechia,CZE,2007,33956.24609,33.9257,42.12705112
Czechia,CZE,2008,34580.44141,34.9061,42.17262657
Czechia,CZE,2009,32782.61328,34.344757,45.94298079
Czechia,CZE,2010,33483.13672,34.754707,45.08055829
Czechia,CZE,2011,34002.19141,35.788155,44.40663097
Denmark,DNK,1990,39027.98047,37.689945,61.99082
Denmark,DNK,1991,39469.32422,38.28121,62.64265
Denmark,DNK,1992,40108.89063,39.69486,63.11169
Denmark,DNK,1993,39979.75781,40.130573,66.87545
Denmark,DNK,1994,41969.6875,42.327744,66.29922
Denmark,DNK,1995,43015.67578,43.13151,65.17492
Denmark,DNK,1996,44013.38672,44.58613,64.58781
Denmark,DNK,1997,45260.13672,45.786285,61.70673
Denmark,DNK,1998,46096.37109,46.091236,60.90018
Denmark,DNK,1999,47298.53906,47.36426,59.61616
Denmark,DNK,2000,48907.01172,49.45022,57.35695
Denmark,DNK,2001,49133.22266,48.86709,57.61225
Denmark,DNK,2002,49204.89844,48.93154,57.74612
Denmark,DNK,2003,49262.64453,50.505646,57.93489
Denmark,DNK,2004,50446.54297,53.430977,57.11444
Denmark,DNK,2005,51483.27344,57.733273,54.86854
Denmark,DNK,2006,53322.28906,58.512756,53.35626
Denmark,DNK,2007,53569.02734,59.79641,52.38736
Denmark,DNK,2008,52982.53125,62.95679,53.31223
Denmark,DNK,2009,50114.05078,62.821857,60.33388
Denmark,DNK,2010,50825.41406,68.3601,60.34815
Denmark,DNK,2011,51293.20703,69.12133,57.073535
Dominican Republic,DOM,1990,6203.208008,7.970508,12.25163
Dominican Republic,DOM,1991,6143.848145,7.6652966,11.48462
Dominican Republic,DOM,1992,6706.026367,8.44671,12.57192
Dominican Republic,DOM,1993,7068.10791,8.843941,14.19915
Dominican Republic,DOM,1994,7122.376465,9.257128,12.855129
Dominican Republic,DOM,1995,7396.841797,9.373549,11.809029
Dominican Republic,DOM,1996,7707.39502,9.752136,12.092826
Dominican Republic,DOM,1997,8255.564453,10.190414,12.485851
Dominican Republic,DOM,1998,8670.4375,10.275898,12.391149
Dominican Republic,DOM,1999,9043.597656,10.516266,13.719169
Dominican Republic,DOM,2000,9322.139648,10.741322,12.334591
Dominican Republic,DOM,2001,9410.032227,12.159381,14.025807
Dominican Republic,DOM,2002,9690.598633,11.998438,17.45343
Dominican Republic,DOM,2003,9424.794922,11.167237,18.6627
Dominican Republic,DOM,2004,9533.319336,11.204515,18.51728
Dominican Republic,DOM,2005,10291.30371,12.313813,17.31748
Dominican Republic,DOM,2006,11087.48242,13.39217,18.40343
Dominican Republic,DOM,2007,11756.4668,14.156733,18.15945
Dominican Republic,DOM,2008,11980.83984,13.8189745,20.52777
Dominican Republic,DOM,2009,11944.34766,14.579355,19.07821
Dominican Republic,DOM,2010,12782.45703,15.407397,17.99727
Dominican Republic,DOM,2011,13024.32813,15.218588,18.13044
Estonia,EST,1995,12730.71777,12.301138,39.70114837
Estonia,EST,1996,13558.56836,13.50568,37.95721829
Estonia,EST,1997,15503.84473,13.651728,35.47079433
Estonia,EST,1998,16332.82031,13.645548,38.26044537
Estonia,EST,1999,16215.5791,14.061493,39.72582903
Estonia,EST,2000,17765.20703,15.343206,35.26409525
Estonia,EST,2001,18952.10742,16.098131,33.54714283
Estonia,EST,2002,20364.00781,17.122402,34.437542
Estonia,EST,2003,22049.68359,17.849754,33.37992782
Estonia,EST,2004,23691.15234,18.683674,34.79961693
Estonia,EST,2005,26096.98828,21.846905,35.36885021
Estonia,EST,2006,28814.91992,22.57687,34.71135554
Estonia,EST,2007,31140.58008,25.209894,34.99911212
Estonia,EST,2008,29621.76367,26.09065,41.35317975
Estonia,EST,2009,25337.17578,27.819883,48.17325552
Estonia,EST,2010,26015.74609,30.204777,44.81960706
Estonia,EST,2011,27990.13672,30.91355,42.62489527
Finland,FIN,1990,32939.38281,32.17027,49.54207
Finland,FIN,1991,30831.60938,31.542807,58.92604
Finland,FIN,1992,29648.74414,32.590652,64.86032
Finland,FIN,1993,29310.30664,34.485252,69.12553
Finland,FIN,1994,30340.82422,36.920357,67.58861
Finland,FIN,1995,31499.80664,40.329865,65.295
Finland,FIN,1996,32548.01563,39.653557,64.17372
Finland,FIN,1997,34506.77344,41.89941,60.6659
Finland,FIN,1998,36293.39063,44.723362,56.37949
Finland,FIN,1999,37795.05859,46.023457,54.64388
Finland,FIN,2000,39894.19531,47.46425,51.05488
Finland,FIN,2001,40842.33984,47.483337,50.45162
Finland,FIN,2002,41439.01953,46.907173,50.91052
Finland,FIN,2003,42168.69531,47.85348,52.00198
Finland,FIN,2004,43724.96484,49.805534,51.76535
Finland,FIN,2005,44786.91016,52.73542,51.8227
Finland,FIN,2006,46412.19922,53.03463,50.5456
Finland,FIN,2007,48664.26563,56.579884,48.68212
Finland,FIN,2008,48817.98828,57.646393,50.53355
Finland,FIN,2009,44662.10156,54.963795,56.97453
Finland,FIN,2010,45874.66016,57.055943,56.49507
Finland,FIN,2011,46825.82422,57.478252,54.862534
France,FRA,1990,33732.01563,40.628033,52.2363
France,FRA,1991,33897.23047,40.906864,53.47425
France,FRA,1992,34268.54297,42.00623,54.96788
France,FRA,1993,33905.88281,42.577908,58.30627
France,FRA,1994,34576.54297,43.298325,57.38131
France,FRA,1995,35177.66016,44.417713,57.82695
France,FRA,1996,35548.62891,45.24303,58.07357
France,FRA,1997,36250.6875,47.492073,57.63285
France,FRA,1998,37413.4375,49.58453,56.06974
France,FRA,1999,38494.94531,50.931835,55.59106
France,FRA,2000,39732.28125,53.307465,54.56844
France,FRA,2001,40226.62891,54.71325,54.68121
France,FRA,2002,40388.625,55.974445,55.82669
France,FRA,2003,40433.48828,54.45298,56.22148
France,FRA,2004,41272.63281,54.626713,56.02873
France,FRA,2005,41643.98828,58.805424,56.27096
France,FRA,2006,42367.57031,60.341972,55.57141
France,FRA,2007,43127.21094,61.384407,55.31333
France,FRA,2008,42996.21094,61.362904,56.20906
France,FRA,2009,41546.49219,60.533497,59.17557
France,FRA,2010,42147.67188,62.623447,59.06962
France,FRA,2011,42864.01953,63.61985,58.48595
Germany,DEU,1991,38294.15625,39.042515,48.93719
Germany,DEU,1992,38734.9375,40.763165,50.31732
Germany,DEU,1993,38105.23047,42.447567,51.34832
Germany,DEU,1994,38881.57031,44.128757,50.99767
Germany,DEU,1995,39366.08984,45.659077,58.36138
Germany,DEU,1996,39568.60156,46.71666,52.5493
Germany,DEU,1997,40218.84766,48.596165,51.61664
Germany,DEU,1998,41022.61328,49.783123,51.37578
Germany,DEU,1999,41769.8125,51.45359,51.38738
Germany,DEU,2000,42928.17969,52.285507,48.297
Germany,DEU,2001,43576.63672,53.48152,50.70411
Germany,DEU,2002,43417.30859,53.929928,50.91081
Germany,DEU,2003,43089.47266,56.040497,51.4789
Germany,DEU,2004,43605.27734,57.46974,49.94896
Germany,DEU,2005,43949.28906,60.835007,49.75141
Germany,DEU,2006,45678.08203,60.941315,48.20568
Germany,DEU,2007,47100.60938,63.31257,46.33598
Germany,DEU,2008,47643.22266,64.230896,46.80775
Germany,DEU,2009,45044.48828,61.58084,50.78624
Germany,DEU,2010,46999.23828,63.392994,50.37268
Germany,DEU,2011,49757.92578,65.64055,47.05467
Germany,DEU,1990,36699.48047,35.48058,47.42413
Greece,GRC,1995,24920.83789,24.422226,57.5003
Greece,GRC,2000,29133.96484,29.945686,54.56091
Greece,GRC,2003,32981.49609,31.434181,50.174
Greece,GRC,2004,34565.0625,32.293423,50.83198
Greece,GRC,2005,34670.33594,31.981937,49.26404
Greece,GRC,2006,36520.20703,34.261112,49.88877
Greece,GRC,2007,37619.82422,34.34362,52.40806
Greece,GRC,2008,37394.33594,35.341404,55.72174
Greece,GRC,2009,35692.10156,35.15161,58.94911
Greece,GRC,2010,33693.21094,34.640182,56.05274
Greece,GRC,2011,30318.4043,33.544884,56.89827
Greece,GRC,1990,24262.94727,21.163189,54.2254
Greece,GRC,1991,24716.625,22.957603,50.73702
Greece,GRC,1992,24700.23828,22.959055,54.8978
Greece,GRC,1993,24162.47656,23.204052,58.1873
Greece,GRC,1994,24522.63281,23.899431,57.5062
Greece,GRC,1996,25521.39063,25.27915,55.0761
Greece,GRC,1997,26534.60938,27.682163,54.65464
Greece,GRC,1998,27415.74414,28.066174,52.95714
Greece,GRC,1999,28149.96484,28.65987,52.27032
Greece,GRC,2001,30180.35742,31.08533,52.22326
Greece,GRC,2002,31249.5332,31.685326,51.13314
Hong Kong,HKG,1990,28798.45898,30.08892,14.2843
Hong Kong,HKG,1991,30189.1582,31.044765,13.3548
Hong Kong,HKG,1992,31803.28711,35.249393,14.0771
Hong Kong,HKG,1993,33200.20703,36.32831,15.8837
Hong Kong,HKG,1994,34420.24609,36.923283,15.6758
Hong Kong,HKG,1995,34546.41406,38.503506,16.4196
Hong Kong,HKG,1996,34453.83594,38.27425,14.8599
Hong Kong,HKG,1997,35910.65625,38.6659,14.2386
Hong Kong,HKG,1998,33517.19141,36.353676,18.515
Hong Kong,HKG,1999,34030.76953,36.439953,17.6086
Hong Kong,HKG,2000,36317.12109,39.117367,17.6749
Hong Kong,HKG,2001,36252.66016,40.923954,18.3873
Hong Kong,HKG,2002,36690.39844,42.99499,18.725
Hong Kong,HKG,2003,37886.46484,44.95894,20.0416
Hong Kong,HKG,2004,40862.67188,50.00593,18.75
Hong Kong,HKG,2005,43690.39063,52.222424,16.889452
Hong Kong,HKG,2006,46463.58203,48.138252,15.434449
Hong Kong,HKG,2007,49043.94922,49.574165,14.586622
Hong Kong,HKG,2008,49788.8125,48.996628,18.837799
Hong Kong,HKG,2009,48459.96484,44.87837,18.077693
Hong Kong,HKG,2010,51360.96875,47.956963,17.317984
Hong Kong,HKG,2011,53472.99219,51.55522,20.461962
Hungary,HUN,1991,16432.10547,14.861748,5.85878
Hungary,HUN,1993,15861.10645,18.909113,4.54712
Hungary,HUN,1994,16350.92383,19.135939,6.77667
Hungary,HUN,1998,17931.35742,19.863832,58.33793
Hungary,HUN,1999,18534.46094,19.768736,56.00639
Hungary,HUN,2000,19415.02344,21.24833,53.12618
Hungary,HUN,2001,20252.41016,22.846094,52.60909
Hungary,HUN,2002,21273.125,24.288334,55.58211
Hungary,HUN,2003,22205.54297,25.020475,53.46347
Hungary,HUN,2004,23367.60742,24.977934,53.06927
Hungary,HUN,2005,24419.82813,28.270016,54.26377
Hungary,HUN,2006,25423.42578,28.380608,56.07501
Hungary,HUN,2007,25533.36719,29.219303,54.77571
Hungary,HUN,2008,25835.54883,32.15439,53.34053
Hungary,HUN,2009,24168.98438,32.217777,55.99396
Hungary,HUN,2010,24486.04102,34.13525,53.61106
Hungary,HUN,2011,25012.29492,35.106853,52.31766
Hungary,HUN,1992,15934.83105,16.638283,5.60345
Hungary,HUN,1995,16617.59375,19.703987,64.71916
Hungary,HUN,1996,16659.88086,20.291533,60.5389
Hungary,HUN,1997,17218.17383,19.881853,58.52363
Iceland,ISL,2003,43095.35547,45.291386,50.19969
Iceland,ISL,2004,46051.74219,47.687218,48.30659
Iceland,ISL,2005,48104.65234,50.887196,44.40477
Iceland,ISL,2006,49956.84766,47.754246,43.79825
Iceland,ISL,2007,52827.01172,49.233704,44.86263
Iceland,ISL,2008,52999.4375,62.21874,47.94153
Iceland,ISL,2009,48770.94922,60.839947,54.89168
Iceland,ISL,2010,47457.62109,56.17161,52.79968
Iceland,ISL,2011,48186.16797,56.308052,49.88447
Iceland,ISL,1995,33666.21094,37.698425,48.84732
Iceland,ISL,1996,35014.23047,38.019096,47.92839
Iceland,ISL,1997,36732.9375,41.168324,46.10941
Iceland,ISL,1998,39017.4375,41.894547,46.78538
Iceland,ISL,1999,40103.86719,43.916428,47.3165
Iceland,ISL,2000,41530.51563,41.566692,47.10864
Iceland,ISL,2001,42626.92188,42.906994,47.72602
Iceland,ISL,2002,42484.51563,44.33425,48.98005
India,IND,1993,1906.412109,1.8518116,29.89417
India,IND,2004,3054.918945,3.1424246,32.51294
India,IND,2009,3956.359131,4.9839163,34.11551
India,IND,2011,4399.888184,6.130244,31.68571
India,IND,1990,1813.135864,1.7396741,31.44907
India,IND,1991,1795.302368,1.7505404,30.96191
India,IND,1992,1856.170532,1.8028334,30.274
India,IND,1994,1994.226929,1.9338377,30.07141
India,IND,1995,2104.505371,2.0703006,29.15056
India,IND,1996,2220.893311,2.2112768,29.32817
India,IND,1997,2268.042969,2.286061,29.23329
India,IND,1998,2364.408691,2.450466,29.9329
India,IND,1999,2527.508301,2.5882545,31.52103
India,IND,2000,2578.591553,2.6448793,32.6199
India,IND,2001,2656.655273,2.7175374,33.38921
India,IND,2002,2711.511963,2.7897158,33.94392
India,IND,2003,2876.743408,2.9582071,33.98156
India,IND,2005,3245.299805,3.5561693,31.41771
India,IND,2006,3453.105713,3.982323,31.11237
India,IND,2007,3661.955566,4.450151,31.25603
India,IND,2008,3720.092529,4.6965976,32.58567
India,IND,2010,4234.979492,5.6992044,31.8943
Indonesia,IDN,1990,4532.540527,4.448761,18.3458
Indonesia,IDN,1993,5224.166016,5.3013487,17.09968
Indonesia,IDN,1996,6258.436523,6.1446958,13.7012
Indonesia,IDN,1998,5531.303223,4.7448893,19.5339
Indonesia,IDN,1999,5497.814941,4.656925,20.0778
Indonesia,IDN,2000,5689.260254,4.382114,20.24781
Indonesia,IDN,2001,5816.425293,4.385334,27.76352
Indonesia,IDN,2002,5996.189941,4.4666085,23.6721
Indonesia,IDN,2003,6198.65332,4.4112577,23.27497
Indonesia,IDN,2004,6423.720703,4.7213187,22.64718
Indonesia,IDN,2005,6699.271973,5.1756444,21.19127
Indonesia,IDN,2006,6974.445801,5.662398,22.48628
Indonesia,IDN,2007,7319.43457,6.0105486,22.33806
Indonesia,IDN,2008,7657.594727,7.06172,23.07003
Indonesia,IDN,2009,7906.261719,7.597824,19.93443
Indonesia,IDN,2010,8286.732422,8.849966,19.64407
Indonesia,IDN,2011,8680.212891,10.731469,19.83875
Indonesia,IDN,1991,4762.388184,4.7533717,17.35015
Indonesia,IDN,1992,4986.783691,5.0228434,19.06415
Indonesia,IDN,1994,5529.232422,5.382208,16.28946
Indonesia,IDN,1995,5892.071777,5.7512407,14.33647
Indonesia,IDN,1997,6458.072754,6.1283298,18.29799
Ireland,IRL,1994,29600.51953,32.412807,49.93642
Ireland,IRL,1995,32286.4043,35.50946,46.65269
Ireland,IRL,1996,34393.72656,37.13154,43.85743
Ireland,IRL,2000,47996.98047,46.069473,33.15653
Ireland,IRL,2002,51797.42578,53.845882,34.68923
Ireland,IRL,2003,52494.20313,58.170265,34.36582
Ireland,IRL,2004,55040.82031,59.9059,34.61402
Ireland,IRL,2005,56943.82813,62.796043,34.80589
Ireland,IRL,2006,58189.77734,62.327534,35.29129
Ireland,IRL,2007,59530.88672,66.14504,37.68241
Ireland,IRL,2008,55712.5,64.22194,44.16862
Ireland,IRL,2009,52336.62891,67.34492,50.94405
Ireland,IRL,2010,52965.78906,74.460724,69.95995
Ireland,IRL,2011,53298.8125,76.79019,49.97858
Ireland,IRL,1990,26437.2168,26.439726,50.5888
Ireland,IRL,1991,26792.87695,27.536348,51.96535
Ireland,IRL,1992,27500.37109,30.136293,51.86678
Ireland,IRL,1993,28100.04297,31.908913,51.22167
Ireland,IRL,1997,37801.16797,40.08107,40.6236
Ireland,IRL,1998,40684.89453,41.376198,37.73414
Ireland,IRL,1999,44461.92578,42.902386,36.29928
Ireland,IRL,2001,49744.625,48.288296,34.49049
Israel,ISR,1997,27464.75781,34.920345,58.61876
Israel,ISR,2001,29282.52539,40.261395,61.85975
Israel,ISR,2002,28642.44531,39.768715,63.96964
Israel,ISR,2003,28453.25391,38.233845,62.66515
Israel,ISR,2004,29328.70508,38.01697,58.88044
Israel,ISR,2005,30014.61328,37.394157,57.23292
Israel,ISR,2006,31192.18164,36.933624,54.18186
Israel,ISR,2007,32512.86719,35.61613,52.30432
Israel,ISR,2008,33045.12109,34.43854,51.40579
Israel,ISR,2009,32633.41797,35.472633,50.71478
Israel,ISR,2010,33864.23047,36.304157,50.3437
Israel,ISR,2011,35086.72656,37.192833,48.39927
Israel,ISR,1995,26233.12891,33.056637,59.20087
Israel,ISR,1996,27096.08008,33.89172,58.9611
Israel,ISR,1998,27970.64453,36.30148,64.40104
Israel,ISR,1999,28240.98633,37.191696,62.47265
Israel,ISR,2000,29950.31836,39.284286,59.87343
Italy,ITA,1991,37122.82031,37.00646,65.2926
Italy,ITA,1993,37065.43359,38.85644,68.9273
Italy,ITA,1995,38947.20313,42.764477,64.0796
Italy,ITA,1998,40844.74609,46.576984,57.38657
Italy,ITA,2000,43053.93359,48.2648,52.19633
Italy,ITA,2003,43781.21875,45.945816,53.22301
Italy,ITA,2004,44118.03516,45.94257,52.30118
Italy,ITA,2005,44260.82813,47.60363,52.59016
Italy,ITA,2006,44918.17188,48.333866,53.06065
Italy,ITA,2007,45356.53516,49.925472,52.57716
Italy,ITA,2008,44623.60156,51.43633,53.72652
Italy,ITA,2009,42074.92188,51.19159,56.1497
Italy,ITA,2010,42664.35547,52.05406,54.67111
Italy,ITA,2011,42892.30469,53.21145,54.50299
Italy,ITA,1990,36585.67969,36.40853,62.945
Italy,ITA,1992,37407.10938,37.897182,67.5246
Italy,ITA,1994,37855.00781,40.806324,64.8415
Italy,ITA,1996,39429.49609,43.20181,63.972
Italy,ITA,1997,40129.90234,45.140743,59.51678
Italy,ITA,1999,41501.78906,47.538704,54.78561
Italy,ITA,2001,43869.42969,47.548306,54.0012
Italy,ITA,2002,43915.38672,46.23609,52.75534
Japan,JPN,2008,38781.19922,42.903145,38.3318
Japan,JPN,2010,38069.95703,43.54393,42.45668
Japan,JPN,1990,32945.98047,27.704779,33.67103
Japan,JPN,1991,33938.33203,29.11402,33.36748
Japan,JPN,1992,34099.34375,30.590227,34.23893
Japan,JPN,1993,33812.94531,31.973555,35.95248
Japan,JPN,1994,34053.52344,33.269157,36.47247
Japan,JPN,1995,34867.58203,34.962364,37.48116
Japan,JPN,1996,35878.78906,36.679893,38.40288
Japan,JPN,1997,36144.61719,37.125977,37.39363
Japan,JPN,1998,35588.625,37.549026,38.63027
Japan,JPN,1999,35405.08203,38.38752,40.30119
Japan,JPN,2000,36323.09375,39.46904,40.62384
Japan,JPN,2001,36375.58594,39.568127,40.04385
Japan,JPN,2002,36306.33203,40.303066,40.13904
Japan,JPN,2003,36784.88281,40.888096,39.50048
Japan,JPN,2004,37576.39063,41.53163,36.73343
Japan,JPN,2005,38250.63672,42.49986,36.62791
Japan,JPN,2006,38751.00391,42.47058,37.14719
Japan,JPN,2007,39280.89453,43.1645,35.87843
Japan,JPN,2009,36577.86328,42.11367,42.67313
Japan,JPN,2011,38149.61719,42.942596,41.222902
Latvia,LVA,1998,11753.7998,13.3560705,39.09053413
Latvia,LVA,2002,15160.8418,16.826601,36.27514854
Latvia,LVA,2003,16597.38867,17.188547,35.53797752
Latvia,LVA,2004,18169.18359,18.271309,35.98516559
Latvia,LVA,2005,20334.59961,20.249609,37.41343305
Latvia,LVA,2006,22977.47852,20.295149,37.26825799
Latvia,LVA,2007,25469.15625,21.64383,36.05198171
Latvia,LVA,2008,24903.59375,21.668264,43.54743152
Latvia,LVA,2009,21710.76758,22.450373,45.22542222
Latvia,LVA,2010,21176.2793,24.840263,44.75518111
Latvia,LVA,2011,22118.41016,26.467049,40.21468676
Latvia,LVA,1999,12176.46484,14.04626,41.07080079
Latvia,LVA,2000,12992.2041,15.379379,37.96149474
Latvia,LVA,2001,13993.95313,16.111881,35.82044781
Lithuania,LTU,2000,13846.68359,16.39442,37.71641042
Lithuania,LTU,2001,14872.37891,18.375858,36.76163034
Lithuania,LTU,2002,16004.43848,18.405815,34.64534339
Lithuania,LTU,2003,17839.7832,20.024971,33.51334141
Lithuania,LTU,2004,19226.46875,19.407793,34.17634682
Lithuania,LTU,2005,21053.18555,21.624893,34.30681364
Lithuania,LTU,2006,22977.99609,23.029945,34.43924331
Lithuania,LTU,2007,25835.36719,24.129486,35.51340393
Lithuania,LTU,2008,26784.88086,25.523405,38.01263873
Lithuania,LTU,2009,23065.0625,24.81404,45.17930445
Lithuania,LTU,2010,23942.75977,27.068996,43.88489655
Lithuania,LTU,2011,25968.58398,30.08933,40.26541671
Malaysia,MYS,1992,11663.62695,12.286084,38.22528089
Malaysia,MYS,1995,14260.0957,14.970428,29.30597662
Malaysia,MYS,1997,15995.71973,15.305839,26.64301262
Malaysia,MYS,2003,16751.40625,15.311852,33.08978422
Malaysia,MYS,2006,18752.54492,18.568468,28.9309392
Malaysia,MYS,2008,20103.50391,22.691992,29.91947117
Malaysia,MYS,2011,21289.25781,22.940886,30.65710241
Malaysia,MYS,1990,10306.08203,10.988868,41.95264482
Malaysia,MYS,1991,10991.06836,11.859501,37.64005861
Malaysia,MYS,1993,12500.50391,12.821822,33.17053057
Malaysia,MYS,1994,13315.42188,13.659403,30.90421668
Malaysia,MYS,1996,15290.91406,14.883565,28.63711087
Malaysia,MYS,1998,14448.74121,13.057715,27.63502222
Malaysia,MYS,1999,14965.61816,13.360628,29.48959359
Malaysia,MYS,2000,15917.05762,14.736472,30.46195654
Malaysia,MYS,2001,15652.01465,14.409602,33.47261032
Malaysia,MYS,2002,16155.60156,14.822029,32.08699545
Malaysia,MYS,2004,17538.48633,16.641,30.49512959
Malaysia,MYS,2005,18114.14453,18.53259,27.86956124
Malaysia,MYS,2007,19546.98633,20.199362,29.11215715
Malaysia,MYS,2009,19442.98438,20.84442,34.42721543
Malaysia,MYS,2010,20536.37305,20.954391,29.93749521
Mexico,MEX,1992,15550.56055,17.213825,17.35746
Mexico,MEX,1994,16067.14648,17.302423,14.8784
Mexico,MEX,1996,15559.97656,15.773345,31.90694
Mexico,MEX,1998,16954.33008,17.368303,28.96154
Mexico,MEX,2000,17756.56641,17.833534,25.38345
Mexico,MEX,2002,17193.56055,16.67666,26.69453
Mexico,MEX,2004,17635.24609,17.613306,23.56399
Mexico,MEX,2005,17788.58984,18.715185,25.12631
Mexico,MEX,2006,18319.47852,19.174133,25.18728
Mexico,MEX,2008,18396.81055,19.282133,26.77291
Mexico,MEX,2010,17790.01172,19.41408,28.64312
Mexico,MEX,1990,14949.03027,16.928875,26.41057
Mexico,MEX,1991,15293.15918,17.094788,19.44956
Mexico,MEX,1993,15575.11816,17.013998,15.11836
Mexico,MEX,1995,14808.80664,16.148466,17.87361
Mexico,MEX,1997,16368.09277,16.18199,32.09935
Mexico,MEX,1999,17165.89258,16.686592,29.39429
Mexico,MEX,2001,17438.20898,17.659796,25.65149
Mexico,MEX,2003,17205.98633,16.991592,25.93156
Mexico,MEX,2007,18462.83984,19.612604,25.1036
Mexico,MEX,2009,17168.97656,19.709696,29.63048
Mexico,MEX,2011,18186.22461,21.060549,27.97363
Myanmar,MMR,1998,796.9230347,1.1736172,26.07232311
Myanmar,MMR,1999,853.8190308,1.131848,23.0795073
Myanmar,MMR,2000,948.7820435,1.132055,24.1390306
Myanmar,MMR,2001,1055.65332,1.1956207,19.72961883
Myanmar,MMR,2002,1167.404419,1.331625,15.93321547
Myanmar,MMR,2003,1306.769165,1.4841847,16.8415663
Myanmar,MMR,2004,1473.020996,1.6281185,17.08433891
Myanmar,MMR,2005,1659.692383,1.8151124,17.50875841
Myanmar,MMR,2006,1867.152466,2.0273707,19.57619637
Myanmar,MMR,2007,2086.991211,2.3407452,18.52777281
Myanmar,MMR,2008,2303.802979,2.6477537,16.09315206
Myanmar,MMR,2009,2527.390625,3.1216426,17.70089571
Myanmar,MMR,2010,2762.613525,3.7181845,19.43392106
Myanmar,MMR,2011,2947.657471,4.0852246,20.14819018
Netherlands,NLD,1990,36461.41797,42.341084,60.70745
Netherlands,NLD,1991,37057.58203,43.16381,60.94845
Netherlands,NLD,1992,37405.92969,43.048706,61.90592
Netherlands,NLD,1993,37613.25391,44.567387,61.79635
Netherlands,NLD,1994,38494.21875,45.287746,59.0671
Netherlands,NLD,1995,39498.13672,46.16416,62.07929
Netherlands,NLD,1996,40691.89063,46.58419,54.73405
Netherlands,NLD,1997,42235.48828,48.85034,52.47354
Netherlands,NLD,1998,43933.56641,49.452793,51.34526
Netherlands,NLD,1999,45839.13281,51.94019,50.29816
Netherlands,NLD,2000,47422.20313,56.511986,47.82206
Netherlands,NLD,2001,48160.78516,56.631924,48.52267
Netherlands,NLD,2002,47958.33203,57.185432,49.01165
Netherlands,NLD,2003,47806.88281,57.887104,49.69275
Netherlands,NLD,2004,48586.70313,58.761932,48.57689
Netherlands,NLD,2005,49467.43359,66.80439,47.14939
Netherlands,NLD,2006,51097.36328,67.05721,47.74403
Netherlands,NLD,2007,52909.96875,69.592285,47.4709
Netherlands,NLD,2008,53848.25391,71.34044,48.44276
Netherlands,NLD,2009,51607.60547,66.42687,53.72368
Netherlands,NLD,2010,52032.98828,67.39713,53.10754
Netherlands,NLD,2011,52594.23047,68.47871,51.53351
New Zealand,NZL,1990,28086.82422,28.456034,44.23139
New Zealand,NZL,1991,26466.67383,28.466188,47.36264
New Zealand,NZL,1992,26479.04102,28.873158,47.46559
New Zealand,NZL,1993,27852.03516,29.425865,42.34891
New Zealand,NZL,1994,28891.04492,30.06471,38.75406
New Zealand,NZL,1995,29815.78711,30.408707,37.4121
New Zealand,NZL,1996,30409.08984,31.179928,35.44054
New Zealand,NZL,1997,30627.80469,32.43919,34.39481
New Zealand,NZL,1998,30599.32227,33.185,34.86505
New Zealand,NZL,1999,32098.14648,34.4251,33.84705
New Zealand,NZL,2000,32837.09766,34.19455,32.83596
New Zealand,NZL,2001,33775.23438,34.61917,31.82785
New Zealand,NZL,2002,34745.16406,34.656883,31.27515
New Zealand,NZL,2003,35616.11328,35.050877,31.11929
New Zealand,NZL,2004,36504.19922,33.844494,30.46411
New Zealand,NZL,2005,37293.21484,34.581734,31.28046
New Zealand,NZL,2006,37902.75,34.55735,32.56922
New Zealand,NZL,2007,38687.84766,36.66018,32.38942
New Zealand,NZL,2008,37933.15234,37.040737,34.17711
New Zealand,NZL,2009,37505.04688,38.593353,35.70349
New Zealand,NZL,2010,37657.14453,39.632904,36.50914
New Zealand,NZL,2011,38214.47266,41.13166,35.45647
Norway,NOR,1990,42136.60156,44.95071,56.8166
Norway,NOR,1991,43229.91797,45.559517,57.72066
Norway,NOR,1992,44517.4375,46.800808,58.99983
Norway,NOR,1993,45512.39063,47.055927,57.89484
Norway,NOR,1994,47541.76563,48.30773,56.79284
Norway,NOR,1995,49260.96875,51.57199,53.71905
Norway,NOR,1996,51476.19922,57.040657,50.96201
Norway,NOR,1997,53903.4375,58.731735,48.89215
Norway,NOR,1998,54989.70313,54.6418,51.12535
Norway,NOR,1999,55713.75781,60.438477,49.46702
Norway,NOR,2000,57127.38281,74.944664,43.81734
Norway,NOR,2001,58018.3125,77.07967,45.93895
Norway,NOR,2002,58540.84375,75.60525,48.86634
Norway,NOR,2003,58728.15625,83.69843,49.982
Norway,NOR,2004,60699.56641,88.14824,46.84087
Norway,NOR,2005,61870.36328,108.196556,43.31972
Norway,NOR,2006,62846.9375,114.72537,42.00054
Norway,NOR,2007,64062.4375,111.84552,42.44458
Norway,NOR,2008,63570.33984,123.31775,42.07069
Norway,NOR,2009,61689.55859,106.1077,47.74079
Norway,NOR,2010,61353.47656,114.91975,47.23349
Norway,NOR,2011,61157.12891,124.166626,46.35321
Pakistan,PAK,1990,2915.900146,4.7315207,29.28619
Pakistan,PAK,1991,2976.912598,4.929509,25.57905
Pakistan,PAK,1992,3118.13916,5.1446376,27.11229
Pakistan,PAK,1993,3086.893555,5.2175946,27.43958
Pakistan,PAK,1994,3115.103027,5.111992,24.02776
Pakistan,PAK,1995,3179.50708,5.34702,23.04567
Pakistan,PAK,1996,3240.088867,5.436995,25.28881
Pakistan,PAK,1997,3180.351074,5.207888,23.81078
Pakistan,PAK,1998,3169.890137,5.3142533,25.02584
Pakistan,PAK,1999,3196.279541,5.235243,23.77563
Pakistan,PAK,2000,3245.378418,5.16124,24.99681
Pakistan,PAK,2001,3277.05127,5.00235,22.96543
Pakistan,PAK,2002,3279.031006,5.0142965,24.96224
Pakistan,PAK,2003,3388.176758,4.9974833,21.60038
Pakistan,PAK,2004,3560.811768,5.2737136,19.84205
Pakistan,PAK,2005,3706.823975,5.555181,20.41199
Pakistan,PAK,2006,3836.492676,5.891027,21.49929
Pakistan,PAK,2007,3931.175781,6.230948,25.00634
Pakistan,PAK,2008,3908.599121,6.432141,27.04973
Pakistan,PAK,2009,3930.508057,6.6205926,24.9065
Pakistan,PAK,2010,3906.874023,6.673804,24.58728
Pakistan,PAK,2011,3928.52002,7.190615,23.02741
Peru,PER,1990,5249.200195,4.977477,26.55732
Peru,PER,1991,5258.260254,4.8743596,19.3694
Peru,PER,1992,5128.634277,4.9737883,23.239494
Peru,PER,1993,5295.79834,5.1729245,21.772346
Peru,PER,1994,5837.089844,5.73697,19.392925
Peru,PER,1995,6154.16748,6.102011,19.970352
Peru,PER,1996,6210.222656,6.2091656,18.02053
Peru,PER,1997,6492.549316,6.4707785,16.495898
Peru,PER,1998,6354.433105,6.0912576,17.7274
Peru,PER,1999,6345.500488,5.917506,19.780312
Peru,PER,2000,6422.480469,5.830105,22.95157
Peru,PER,2001,6380.337891,5.7824183,21.99925
Peru,PER,2002,6653.39502,6.0206456,20.77255
Peru,PER,2003,6861.830566,6.279441,21.3019
Peru,PER,2004,7136.351563,6.6183205,20.5718
Peru,PER,2005,7519.029297,7.1518135,20.95428
Peru,PER,2006,8017.254883,7.8262706,20.00179
Peru,PER,2007,8629.264648,8.373975,19.48441
Peru,PER,2008,9341.231445,8.944306,20.45549
Peru,PER,2009,9368.045898,8.764146,21.99795
Peru,PER,2010,10066.46777,9.678762,21.54261
Peru,PER,2011,10616.84375,10.373608,20.19237
Philippines,PHL,1990,4209.48291,5.263715,23.97555
Philippines,PHL,1991,4088.102295,5.315545,22.90361
Philippines,PHL,1992,4006.344727,5.355078,23.08368
Philippines,PHL,1993,3997.012939,5.6790833,21.78557
Philippines,PHL,1994,4074.727539,6.1158614,24.08668
Philippines,PHL,1995,4165.249023,6.683218,22.52708
Philippines,PHL,1996,4309.450195,6.9570694,22.42566
Philippines,PHL,1997,4431.837402,6.567474,22.76398
Philippines,PHL,1998,4312.152344,6.0739584,22.84612
Philippines,PHL,1999,4359.888672,5.740606,23.05749
Philippines,PHL,2000,4453.756836,5.7828255,23.21964
Philippines,PHL,2001,4492.721191,5.928682,23.94445
Philippines,PHL,2002,4562.76123,5.8759704,23.60068
Philippines,PHL,2003,4697.48584,5.8353586,23.99343
Philippines,PHL,2004,4908.058594,5.8045473,23.12426
Philippines,PHL,2005,5054.23877,5.94461,22.76109
Philippines,PHL,2006,5228.315918,6.157087,22.01884
Philippines,PHL,2007,5474.681152,6.353869,20.68863
Philippines,PHL,2008,5618.484863,6.639924,20.07626
Philippines,PHL,2009,5606.59082,6.683566,21.31643
Philippines,PHL,2010,5918.373047,7.1145678,20.222
Philippines,PHL,2011,6043.601563,7.5580993,20.69499
Poland,POL,1995,12459.66602,15.280071,53.45652
Poland,POL,1996,13211.56836,16.28021,55.56983
Poland,POL,1997,14054.3877,16.8928,50.97767
Poland,POL,1998,14701.34277,17.336582,48.36096
Poland,POL,1999,15386.94238,18.164156,45.67334
Poland,POL,2000,16257.64551,19.336899,44.10517
Poland,POL,2001,16466.78711,19.847076,46.92482
Poland,POL,2002,16809.81836,20.997034,47.14598
Poland,POL,2003,17409.63867,21.38104,47.64879
Poland,POL,2004,18287.82813,21.902554,45.38001
Poland,POL,2005,18937.47656,22.63348,46.2367
Poland,POL,2006,20111.29883,22.724333,46.51838
Poland,POL,2007,21543.16406,23.69253,44.49921
Poland,POL,2008,22444.9082,24.393005,45.41722
Poland,POL,2009,23064.95313,25.316256,47.15162
Poland,POL,2010,23996.14063,28.597836,48.05438
Poland,POL,2011,25124.27539,30.57005,46.3721
Portugal,PRT,1990,23556.85547,17.784199,46.36415
Portugal,PRT,1991,24642.59961,18.72974,49.43045
Portugal,PRT,1992,24930.45117,19.302189,50.31362
Portugal,PRT,1993,24391.19922,20.290115,51.30486
Portugal,PRT,1994,24560.35742,21.667118,48.54903
Portugal,PRT,1995,25523.70508,22.206059,47.1256
Portugal,PRT,1996,26318.97461,22.428747,46.88612
Portugal,PRT,1997,27354.83594,23.751776,44.88222
Portugal,PRT,1998,28525.51758,24.190683,43.90344
Portugal,PRT,1999,29472.70898,25.367647,43.9032
Portugal,PRT,2000,30383.13867,26.207767,44.05146
Portugal,PRT,2001,30756.01953,25.943388,45.38484
Portugal,PRT,2002,30823.84961,26.039156,45.0844
Portugal,PRT,2003,30422.60156,26.247849,46.44039
Portugal,PRT,2004,30892.82031,26.312006,47.23482
Portugal,PRT,2005,31076.64453,29.04467,48.21901
Portugal,PRT,2006,31524.75,30.45835,47.1963
Portugal,PRT,2007,32251.56836,30.840103,47.36421
Portugal,PRT,2008,32307.91211,30.853395,47.90389
Portugal,PRT,2009,31269.41016,31.094946,52.79778
Portugal,PRT,2010,31798.1543,32.866035,54.37676
Portugal,PRT,2011,31304.81641,33.312737,52.54629
Romania,ROU,1995,12117.35352,9.537234,35.70318
Romania,ROU,1996,12627.19434,9.799868,34.96516
Romania,ROU,1997,12049.53418,9.259782,39.0191
Romania,ROU,1998,11829.41016,9.025296,39.75616
Romania,ROU,1999,11803.36816,9.093931,44.25237
Romania,ROU,2000,12109.54395,9.405514,42.50012
Romania,ROU,2001,12920.48047,10.246421,39.6391
Romania,ROU,2002,13909.65625,11.634535,37.47183
Romania,ROU,2003,14338.34668,12.937392,35.05338
Romania,ROU,2004,15924.04102,14.169445,35.0329
Romania,ROU,2005,16770.64258,14.945911,34.82769
Romania,ROU,2006,18224.77148,17.121294,36.377871
Romania,ROU,2007,19833.95508,19.056839,38.94792
Romania,ROU,2008,22044.29102,22.216656,39.996834
Romania,ROU,2009,21002.26172,22.136011,42.63655
Romania,ROU,2010,20303.14844,23.572714,42.4595
Romania,ROU,2011,20792.16016,23.93335,36.91435
Russia,RUS,1997,13028.20801,11.550307,5.03755
Russia,RUS,1998,12358.15234,10.657077,47.14676
Russia,RUS,1999,13189.79395,10.068819,42.69921
Russia,RUS,2000,14569.93652,11.213559,37.18053
Russia,RUS,2001,15378.08984,11.383333,36.41522
Russia,RUS,2002,16175.09766,11.556682,38.37087
Russia,RUS,2003,17434.80859,12.55836,36.62635
Russia,RUS,2004,18765.51953,13.977831,32.94809
Russia,RUS,2005,20042.81445,15.850032,33.764175
Russia,RUS,2006,21757.46484,18.233566,31.887621
Russia,RUS,2007,23647.26563,20.971571,33.675861
Russia,RUS,2008,24887.85352,24.01428,34.753782
Russia,RUS,2009,22939.69336,22.15608,41.985538
Russia,RUS,2010,23961.2207,24.944563,39.07938
Russia,RUS,2011,24972.07813,28.113,37.144233
Singapore,SGP,1990,37412.32813,23.198656,20.973186
Singapore,SGP,1991,38794.89453,21.36511,22.54736379
Singapore,SGP,1992,40146.35547,20.746096,19.14622447
Singapore,SGP,1993,43630.39844,19.97827,18.11911716
Singapore,SGP,1994,46975.5625,18.425158,19.99445593
Singapore,SGP,1995,48851.44531,18.623278,21.53136078
Singapore,SGP,1996,50410.28125,22.307873,27.25440955
Singapore,SGP,1997,52801.5,21.954796,26.29238862
Singapore,SGP,1998,49917.375,24.276775,28.68058397
Singapore,SGP,1999,52354.58203,24.299772,23.73362722
Singapore,SGP,2000,56106.73047,30.42399,19.89471381
Singapore,SGP,2001,54029.73438,29.471651,22.89250711
Singapore,SGP,2002,55634.71875,31.106705,17.99946267
Singapore,SGP,2003,59022.10156,30.018806,13.96769067
Singapore,SGP,2004,64011.42578,33.862076,13.55674641
Singapore,SGP,2005,67125.5625,44.355186,12.39678807
Singapore,SGP,2006,70915.99219,46.44072,13.00154995
Singapore,SGP,2007,74159.39063,46.967743,12.09773609
Singapore,SGP,2008,71629.82813,40.87993,17.74164931
Singapore,SGP,2009,69585.84375,39.941437,18.40955756
Singapore,SGP,2010,78294.03125,47.979073,14.43236143
Singapore,SGP,2011,81538.36719,50.826103,17.13189794
Slovakia,SVK,1997,14910.19434,23.491076,40.56973348
Slovakia,SVK,1998,15497.14941,23.097233,36.81696782
Slovakia,SVK,1999,15464.94434,22.678707,35.1575285
Slovakia,SVK,2000,15666.54199,24.144154,39.74006563
Slovakia,SVK,2001,16205.92969,25.50519,33.71584748
Slovakia,SVK,2002,16942.88477,26.593657,34.30217868
Slovakia,SVK,2003,17886.35742,27.36018,30.96400079
Slovakia,SVK,2004,18834.39063,26.86491,29.99796286
Slovakia,SVK,2005,20079.91016,29.709795,30.98533285
Slovakia,SVK,2006,21784.33008,30.855715,30.73243457
Slovakia,SVK,2007,24136.97266,32.386356,31.75133483
Slovakia,SVK,2008,25460.73828,34.62105,34.85013277
Slovakia,SVK,2009,24039.66211,33.67581,42.97373651
Slovakia,SVK,2010,25528.74609,37.117123,41.3139617
Slovakia,SVK,2011,26168.27734,37.21693,39.74269371
Slovenia,SVN,1995,21480.32813,25.936514,41.32143508
Slovenia,SVN,1996,22182.21094,27.861086,40.47318875
Slovenia,SVN,1997,23333.71875,29.07035,41.05753977
Slovenia,SVN,1998,24151.53906,28.589737,42.01458673
Slovenia,SVN,1999,25421.29492,29.04555,42.47064555
Slovenia,SVN,2000,26276.94531,30.183662,42.91231048
Slovenia,SVN,2001,27079.47461,30.578573,43.89434293
Slovenia,SVN,2002,27994.0625,30.27885,43.46502888
Slovenia,SVN,2003,28805.38477,31.049395,43.86620989
Slovenia,SVN,2004,30041.81445,31.913849,43.93963932
Slovenia,SVN,2005,31128.83008,35.70346,44.0350233
Slovenia,SVN,2006,32812.73828,35.830597,43.75927757
Slovenia,SVN,2007,34907.36719,36.134407,41.25753719
Slovenia,SVN,2008,36075.46875,38.628654,42.36048731
Slovenia,SVN,2009,33052.22656,36.110195,46.98018018
Slovenia,SVN,2010,33350.61328,37.615192,48.25138403
Slovenia,SVN,2011,33568.06641,40.164043,48.48536159
South Africa,ZAF,2001,11181.68945,14.418629,30.47251
South Africa,ZAF,2002,11449.81836,14.43183,29.85952
South Africa,ZAF,2003,11644.09961,15.460175,30.12867
South Africa,ZAF,2004,12027.08105,16.013725,29.93441
South Africa,ZAF,2005,12506.00195,16.981928,30.05407
South Africa,ZAF,2006,13040.97949,16.608631,29.85792
South Africa,ZAF,2007,13563.72656,17.33961,30.82284
South Africa,ZAF,2008,13811.06152,17.446796,32.73776
South Africa,ZAF,2009,13410.71484,17.575262,35.58514
South Africa,ZAF,2010,13618.72559,18.785038,35.59201
South Africa,ZAF,2011,13837.66895,18.793608,34.59851
South Korea,KOR,1990,12656.39648,12.182273,15.858729
South Korea,KOR,1991,13882.4209,13.509274,15.957729
South Korea,KOR,1992,14590.5332,14.439435,16.063367
South Korea,KOR,1993,15436.3877,15.54809,15.496079
South Korea,KOR,1994,16698.27539,17.106663,15.96705
South Korea,KOR,1995,18120.49414,18.621534,15.388103
South Korea,KOR,1996,19364.94141,20.472479,15.893774
South Korea,KOR,1997,20367.97461,20.179276,15.805069
South Korea,KOR,1998,19184.22461,19.581148,18.497036
South Korea,KOR,1999,21232.60938,21.307796,19.10153
South Korea,KOR,2000,22963.63867,21.869509,19.08819
South Korea,KOR,2001,23893.89648,22.238785,20.16074
South Korea,KOR,2002,25591.39844,23.674788,18.8793
South Korea,KOR,2003,26260.36914,25.069714,21.081352
South Korea,KOR,2004,27515.95117,26.519978,22.14875
South Korea,KOR,2005,28640.70703,28.836796,22.04672
South Korea,KOR,2006,29990.52148,29.512959,22.87232
South Korea,KOR,2007,31569.93164,31.401978,23.26533
South Korea,KOR,2008,32275.125,32.576744,23.7854
South Korea,KOR,2009,32363.96875,32.299507,24.11116
South Korea,KOR,2010,34394.49219,34.401585,22.35255
South Korea,KOR,2011,35388.97656,34.31749,22.497384
Spain,ESP,1990,27543.91992,29.706087,35.63408
Spain,ESP,1991,28173.38672,30.560263,33.43848
Spain,ESP,1992,28296.25586,31.970045,37.08269
Spain,ESP,1993,27859.54297,33.561295,44.92939
Spain,ESP,1994,28388.01172,35.232494,36.75779
Spain,ESP,1995,29042.34375,36.420605,49.59382
Spain,ESP,1996,29691.09766,37.20397,48.46838
Spain,ESP,1997,30661.6543,38.65604,46.34299
Spain,ESP,1998,31876.43945,39.347706,45.29531
Spain,ESP,1999,33173.11719,39.084496,43.44076
Spain,ESP,2000,34757.61328,39.56358,42.43597
Spain,ESP,2001,35874.75391,39.063046,41.71212
Spain,ESP,2002,36337.55469,39.386444,41.62068
Spain,ESP,2003,36750.44141,38.99506,40.77946
Spain,ESP,2004,37249.77344,39.34177,40.93132
Spain,ESP,2005,37963.36719,42.210934,40.2258
Spain,ESP,2006,38858.47266,44.520966,39.9897
Spain,ESP,2007,39520.82422,46.45947,40.82029
Spain,ESP,2008,39240.39453,47.022587,43.05654
Spain,ESP,2009,37430.67969,48.159397,48.03056
Spain,ESP,2010,37319.47656,48.991467,47.53594
Spain,ESP,2011,36884.25781,49.908657,46.29512
Sri Lanka,LKA,1990,3878.309326,5.8184776,36.20257891
Sri Lanka,LKA,1991,4008.138184,5.9432445,36.98914759
Sri Lanka,LKA,1992,4137.053223,6.4665484,33.1401173
Sri Lanka,LKA,1993,4376.128418,6.633952,33.26363024
Sri Lanka,LKA,1994,4577.861328,7.239582,34.86264355
Sri Lanka,LKA,1995,4790.348633,7.3714666,34.99840078
Sri Lanka,LKA,1996,4938.710449,7.525279,33.68243363
Sri Lanka,LKA,1997,5225.577637,7.9399147,31.53355508
Sri Lanka,LKA,1998,5443.483887,7.8684635,30.68669067
Sri Lanka,LKA,1999,5647.558105,7.744222,29.83684559
Sri Lanka,LKA,2000,5949.970215,7.3130565,31.29287258
Sri Lanka,LKA,2001,5816.474121,7.4968944,33.03338729
Sri Lanka,LKA,2002,5999.256836,8.34636,31.75374396
Sri Lanka,LKA,2003,6302.21582,8.783546,29.7837877
Sri Lanka,LKA,2004,6589.463379,8.072611,28.53822935
Sri Lanka,LKA,2005,6944.226563,8.027195,28.74054849
Sri Lanka,LKA,2006,7419.414063,9.716973,29.41541781
Sri Lanka,LKA,2007,7865.368164,10.624909,28.62177424
Sri Lanka,LKA,2008,8274.175781,10.802232,27.40168074
Sri Lanka,LKA,2009,8507.592773,12.216344,31.26184908
Sri Lanka,LKA,2010,9126.865234,12.932431,29.13573695
Sri Lanka,LKA,2011,9827.62207,13.874193,26.84604863
Sweden,SWE,1990,34156.82031,36.176434,43.92386098
Sweden,SWE,1991,33536.01563,36.896164,46.55526489
Sweden,SWE,1992,32953.61719,37.865353,51.46051131
Sweden,SWE,1993,32086.01172,37.79536,77.39828
Sweden,SWE,1994,33110.82422,39.588776,75.78268
Sweden,SWE,1995,34233.70313,41.539886,70.24977
Sweden,SWE,1996,34719.10938,42.876877,68.29779
Sweden,SWE,1997,35764.68359,44.848827,65.8784
Sweden,SWE,1998,37286.09375,45.998344,63.32514
Sweden,SWE,1999,38839.42578,47.301346,62.10935
Sweden,SWE,2000,40625.36328,49.93068,58.55471
Sweden,SWE,2001,41103.72656,48.27664,57.26162
Sweden,SWE,2002,41870.25781,49.211044,58.64216
Sweden,SWE,2003,42678.28516,51.32245,57.90374
Sweden,SWE,2004,44354.39063,53.313663,55.98159
Sweden,SWE,2005,45440.29688,55.468353,55.70514
Sweden,SWE,2006,47292.3125,56.860283,54.43795
Sweden,SWE,2007,48557.38281,58.842804,52.70869
Sweden,SWE,2008,47963.49219,59.523712,53.32623
Sweden,SWE,2009,45492.76953,57.281887,56.21848
Sweden,SWE,2010,47791.37109,58.980328,53.91806
Sweden,SWE,2011,48947.4375,61.892174,49.863368
Switzerland,CHE,1990,56329.21484,42.746082,31.66764
Switzerland,CHE,1991,55120.11328,41.561443,33.63024
Switzerland,CHE,1992,54491.89844,42.012085,36.03992
Switzerland,CHE,1993,53929.85938,42.976044,36.99618
Switzerland,CHE,1994,54181.00391,43.79015,37.23046
Switzerland,CHE,1995,54078.95313,45.12358,37.08927
Switzerland,CHE,1996,54106.57031,46.428757,37.27758
Switzerland,CHE,1997,55201.20313,48.614483,37.52266
Switzerland,CHE,1998,56724.50391,49.182507,37.76083
Switzerland,CHE,1999,57440.05469,49.913273,36.26627
Switzerland,CHE,2000,59389.42578,50.3207,36.93646
Switzerland,CHE,2001,59944.77734,50.60761,36.50848
Switzerland,CHE,2002,59489.75,51.1782,37.85263
Switzerland,CHE,2003,59022.35156,51.978863,37.97599
Switzerland,CHE,2004,60271.93359,52.806225,37.45903
Switzerland,CHE,2005,61613.39063,57.021378,36.73013
Switzerland,CHE,2006,63686.25,59.944504,34.83255
Switzerland,CHE,2007,65641.71094,64.84992,33.55743
Switzerland,CHE,2008,66598.85938,68.55738,33.50146
Switzerland,CHE,2009,64404.07813,67.56619,35.16969
Switzerland,CHE,2010,65819.73438,70.88482,35.112814
Switzerland,CHE,2011,66342.00781,76.303345,33.871679
Thailand,THA,1990,7102.056152,4.526281,18.40035
Thailand,THA,1991,7619.036133,4.676503,18.36644
Thailand,THA,1992,8152.5,4.9308076,18.88617
Thailand,THA,1993,8745.551758,5.5268965,19.561663
Thailand,THA,1994,9358.708008,5.9042473,16.539565
Thailand,THA,1995,10017.93359,6.5853,15.669851
Thailand,THA,1996,10467.45508,7.4958553,17.981724
Thailand,THA,1997,10059.37695,6.877873,18.836126
Thailand,THA,1998,9180.019531,5.889067,18.407347
Thailand,THA,1999,9489.818359,6.183715,18.929246
Thailand,THA,2000,9809.62207,6.1977625,20.24209
Thailand,THA,2001,10053.81543,6.5658803,21.93466
Thailand,THA,2002,10583.76172,6.9211497,26.53199
Thailand,THA,2003,11260.1582,7.300802,20.20394
Thailand,THA,2004,11886.32422,7.6645355,21.44233
Thailand,THA,2005,12304.40234,8.444663,21.85874
Thailand,THA,2006,12837.87793,8.8521385,21.14994
Thailand,THA,2007,13460.06055,9.2954645,21.84766
Thailand,THA,2008,13620.53223,9.652878,22.57118
Thailand,THA,2009,13458.52637,9.282351,24.56946
Thailand,THA,2010,14399.04492,10.453212,24.12305
Thailand,THA,2011,14450.47852,11.046585,25.74949
Trinidad and Tobago,TTO,1999,15886.45996,18.962158,33.97180152
Trinidad and Tobago,TTO,2000,16939.52539,22.101263,32.68264356
Trinidad and Tobago,TTO,2001,17583.6543,20.48534,34.20861093
Trinidad and Tobago,TTO,2002,18896.25391,21.240498,30.63176443
Turkey,TUR,1990,12629.4668,18.645437,17.24761447
Turkey,TUR,1991,12507.30762,17.0931,21.15200295
Turkey,TUR,1992,12923.0791,17.62716,21.0424099
Turkey,TUR,1993,13689.66113,20.266287,25.35523341
Turkey,TUR,1994,12844.20703,17.478455,25.06346241
Turkey,TUR,1995,13637.61719,19.02518,28.5558369
Turkey,TUR,1996,14413.16113,20.25807,36.5492117
Turkey,TUR,1997,15261.53711,21.55358,37.69470978
Turkey,TUR,1998,15384.55371,20.888668,44.10004296
Turkey,TUR,1999,14653.69727,19.306677,53.59194888
Turkey,TUR,2000,15433.58691,21.29033,59.49683389
Turkey,TUR,2001,14330.41797,20.841036,71.47688594
Turkey,TUR,2002,15031.22266,20.80566,60.1397
Turkey,TUR,2003,15670.41797,20.569073,56.2531
Turkey,TUR,2004,16968.87305,23.346582,45.4394
Turkey,TUR,2005,18251.66992,25.003391,39.7658
Turkey,TUR,2006,19277.53125,27.891794,38.93598
Turkey,TUR,2007,20009.68945,30.429176,39.18688
Turkey,TUR,2008,19933.06641,31.903471,39.26683
Turkey,TUR,2009,18731.51953,31.13515,43.36778
Turkey,TUR,2010,20027.66602,33.744137,40.07236
Turkey,TUR,2011,21932.29492,35.660713,37.35128
United Kingdom,GBR,1990,31217.21875,31.00492,44.77333
United Kingdom,GBR,1991,30777.52734,31.34582,45.86778
United Kingdom,GBR,1992,30817.51758,32.18279,48.01751
United Kingdom,GBR,1993,31509.18945,33.45371,48.08315
United Kingdom,GBR,1994,32637.83789,33.91728,47.70392
United Kingdom,GBR,1995,33375.71094,36.779327,47.4738
United Kingdom,GBR,1996,34099.31641,38.637474,45.84251
United Kingdom,GBR,1997,35681.24219,40.242714,44.07473
United Kingdom,GBR,1998,36699.51953,41.010826,42.9343
United Kingdom,GBR,1999,37671.07031,42.357723,41.70743
United Kingdom,GBR,2000,38915.19922,44.76795,39.4775
United Kingdom,GBR,2001,39569.15234,45.33829,42.49218
United Kingdom,GBR,2002,40238.58594,45.502758,43.0978
United Kingdom,GBR,2003,41265.17578,46.255444,44.10147
United Kingdom,GBR,2004,41997.60547,46.993843,44.91713
United Kingdom,GBR,2005,42791.89844,49.651768,46.1906
United Kingdom,GBR,2006,43576.19922,50.061077,46.2337
United Kingdom,GBR,2007,44219.48828,49.39457,46.10402
United Kingdom,GBR,2008,43767.69531,50.692265,50.09651
United Kingdom,GBR,2009,41592.92969,48.38714,53.3387
United Kingdom,GBR,2010,42147.76563,51.329544,53.44809
United Kingdom,GBR,2011,42429.21094,51.850594,48.18455
United States,USA,1990,40436.9375,45.16287,40.58769
United States,USA,1991,39856.99219,45.744625,41.56056
United States,USA,1992,40692.63672,47.651917,42.16414
United States,USA,1993,41264.65625,48.10981,41.49607
United States,USA,1994,42403.92578,48.650463,40.46213
United States,USA,1995,43026.71875,49.04458,40.62949
United States,USA,1996,44133.48047,50.09086,39.94428
United States,USA,1997,45516.00391,51.070477,38.66108
United States,USA,1998,47004.61328,52.246185,37.6993
United States,USA,1999,48676.66016,53.717453,36.90037
United States,USA,2000,50124.89063,55.11331,36.33888
United States,USA,2001,50126.71875,56.182423,38.19755
United States,USA,2002,50528.78906,57.68048,38.73112
United States,USA,2003,51529.72656,59.586433,38.85277
United States,USA,2004,52994.55078,61.241177,38.5657
United States,USA,2005,54353.07031,62.52242,38.96201
United States,USA,2006,55368.35938,63.186916,38.73298
United States,USA,2007,55873.24609,63.884613,39.72843
United States,USA,2008,55271.65625,64.56712,41.82761
United States,USA,2009,53399.36719,66.34159,45.15777
United States,USA,2010,54315.91406,68.20562,45.07137
United States,USA,2011,54758.83203,68.31264,43.72714
Uruguay,URY,1990,11066.12891,13.299828,22.77408
Uruguay,URY,1991,11377.03125,13.903573,23.76301
Uruguay,URY,1992,12190.64844,15.332535,24.96483
Uruguay,URY,1993,12422.95898,16.012783,29.05135
Uruguay,URY,1994,13230.03223,16.9259,30.72514
Uruguay,URY,1995,12944.99609,16.467913,27.55105
Uruguay,URY,1996,13569.80859,17.332657,27.82648
Uruguay,URY,1997,14627.12793,17.354332,28.97027
Uruguay,URY,1998,15191.04785,17.478636,28.68416
Uruguay,URY,1999,14820.12305,16.867584,34.14585
Uruguay,URY,2000,14482.75488,16.522802,33.96564
Uruguay,URY,2001,13901.99414,16.101044,35.90929
Uruguay,URY,2002,12824.87305,15.725895,36.81239
Uruguay,URY,2003,12937.42676,15.925493,38.68335
Uruguay,URY,2004,13593.73242,15.562443,37.46256
Uruguay,URY,2005,14606.46582,16.295483,35.61348
Uruguay,URY,2006,15188.64453,16.68038,35.74279
Uruguay,URY,2007,16151.36914,17.82848,34.34122
Uruguay,URY,2008,17266.53125,19.192266,33.29249
Uruguay,URY,2009,17948.42969,20.335516,35.0836
Uruguay,URY,2010,19293.74023,23.218733,35.64678
Uruguay,URY,2011,20231.57227,24.969807,35.53897
Vietnam,VNM,1998,2701.770508,2.0764184,20.90461365
Vietnam,VNM,1999,2797.785645,2.0388327,21.78915943
Vietnam,VNM,2000,2954.98291,2.1008787,23.38184881
Vietnam,VNM,2001,3105.643555,2.3221524,25.30049138
Vietnam,VNM,2002,3269.875488,2.4716961,26.06829152
Vietnam,VNM,2003,3462.880127,2.5970147,29.22531038
Vietnam,VNM,2004,3689.732422,2.7989905,27.89180151
Vietnam,VNM,2005,3931.765381,3.0270452,29.30227553
Vietnam,VNM,2006,4167.107422,3.0816696,29.21073835
Vietnam,VNM,2007,4422.285156,3.380881,31.73400401
Vietnam,VNM,2008,4628.029785,3.399545,30.57187762
Vietnam,VNM,2009,4830.305176,3.2103312,35.71641997
Vietnam,VNM,2010,5089.411133,3.712698,33.97985657
Vietnam,VNM,2011,5352.021973,3.8844273,32.29421738
